{
  "indexes": [
    {
      "collectionGroup": "vaccinations",
      "queryScope": "COLLECTION",
      "fields": [
        { "fieldPath": "petId", "order": "ASCENDING" },
        { "fieldPath": "nextDue", "order": "ASCENDING" }
      ]
    },
    {
      "collectionGroup": "appointments",
      "queryScope": "COLLECTION",
      "fields": [
        { "fieldPath": "clinicId", "order": "ASCENDING" },
        { "fieldPath": "start", "order": "ASCENDING" }
      ]
    }
  ],
  "fieldOverrides": []
}
