{
  "hosting": {
    "public": "public",
    "ignore": ["firebase.json", "**/.*", "**/node_modules/**"],
    "cleanUrls": true,
    "rewrites": [
      { "source": "/app{,/**}", "destination": "/app/index.html" },
      { "source": "/vet{,/**}", "destination": "/vet/index.html" },
      { "source": "/p/**", "function": "publicProfile" },
      { "source": "/api/**", "function": "api" }
    ],
    "headers": [
      { "source": "**", "headers": [ { "key": "X-Content-Type-Options", "value": "nosniff" } ] }
    ]
  }
}
